Grounded,Time[secs],Forefoot Force[N],Midfoot Force[N],Heel Force[N],TForce[N],RAnkleFlexion,RAnkleInversion,RAnkleAbduction,Person
0,0.01,484.88,2.32,0,487.2,-5.239377,3.865244,8.306246,10
0,0.02,461.68,0,0,461.68,-5.566543,4.4838,8.324448,10
0,0.03,433.84,0,0,433.84,-7.855927,4.121126,7.565484,10
0,0.04,402.5,0,0,402.5,-8.402634,4.413506,7.309878,10
0,0.05,363.86,0,0,363.86,-8.635201,4.868205,7.23119,10
0,0.06,322,0,0,322,-9.189022,5.849325,6.808523,10
0,0.07,278.53,0,0,278.53,-9.699811,6.436627,6.694757,10
0,0.08,228.62,0,0,228.62,-10.450619,6.711589,6.147283,10
0,0.09,181.93,0,0,181.93,-11.445596,7.665351,5.903652,10
0,0.1,138.46,0,0,138.46,-12.997786,7.951601,5.069973,10
0,0.11,96.6,0,0,96.6,-13.504943,8.265264,4.58819,10
0,0.12,59.57,0,1.61,61.18,-13.972328,9.112135,5.17565,10
0,0.13,28.98,0,4.83,33.81,-14.185764,10.190515,5.090222,10
0,0.14,19.32,0,6.44,25.76,-14.889643,10.55906,5.376394,10
0,0.15,14.49,0,4.83,19.32,-15.246421,10.775929,5.281883,10
0,0.16,11.27,0,4.83,16.1,-14.637538,11.118249,5.125136,10
0,0.17,6.44,0,4.83,11.27,-14.181588,10.684812,6.221422,10
0,0.18,6.44,0,4.83,11.27,-12.627432,11.677029,5.615654,10
0,0.19,4.98,0,2.49,7.47,-10.843003,10.191929,4.756807,10
0,0.2,4.98,0,2.49,7.47,-8.662047,8.979518,5.864856,10
0,0.21,2.49,0,4.98,7.47,-6.310843,9.303225,5.327581,10
0,0.22,0,0,4.98,4.98,-4.880873,8.924929,4.875887,10
0,0.23,2.49,0,4.98,7.47,-3.81194,8.297983,5.811903,10
0,0.24,0,0,4.98,4.98,-2.033545,8.244301,6.504195,10
0,0.25,0,0,4.98,4.98,-1.615856,7.192846,6.876692,10
0,0.26,0,0,4.98,4.98,-0.492744,7.042542,7.296095,10
0,0.27,0,0,4.98,4.98,-0.293037,6.704507,7.450258,10
0,0.28,0,0,4.98,4.98,0.47192,6.251991,7.799532,10
0,0.29,0,0,7.5,7.5,1.146743,6.599454,6.997703,10
0,0.3,0,0,4.98,4.98,1.228496,5.305,7.760655,10
0,0.31,0,0,4.98,4.98,2.172558,5.633619,7.371133,10
0,0.32,0,0,7.5,7.5,1.612476,4.890662,7.76214,10
0,0.33,0,0,4.98,4.98,2.652015,5.073083,8.039963,10
0,0.34,0,0,4.98,4.98,2.881334,5.370949,8.415046,10
0,0.35,0,0,4.98,4.98,2.968357,5.216031,8.432069,10
0,0.36,0,0,4.98,4.98,2.836926,5.042318,8.390021,10
0,0.37,0,0,4.98,4.98,3.177823,5.247839,8.491647,10
0,0.38,0,0,4.98,4.98,3.408846,5.035106,8.229689,10
0,0.39,0,0,4.98,4.98,3.903942,5.619525,8.525816,10
0,0.4,0,0,7.5,7.5,4.178967,5.335947,8.389759,10
0,0.41,0,0,4.98,4.98,4.416608,5.026674,8.162976,10
0,0.42,0,0,4.98,4.98,4.860603,5.405111,8.303125,10
0,0.43,0,0,4.98,4.98,4.772565,5.114297,8.455964,10
0,0.44,0,0,4.98,4.98,5.009941,5.01616,8.449381,10
0,0.45,0,0,4.98,4.98,4.202167,4.717236,8.078925,10
0,0.46,0,0,4.98,4.98,4.755021,5.401718,8.235519,10
0,0.47,0,0,4.98,4.98,4.053947,4.912061,8.090842,10
0,0.48,0,0,2.49,2.49,3.809993,5.044648,8.197719,10
0,0.49,0,0,2.4,2.4,3.806006,5.07903,7.944687,10
0,0.5,0,0,4.96,4.96,3.541339,5.289685,7.936621,10
0,0.51,0,0,2.4,2.4,3.559439,5.376992,7.72916,10
0,0.52,0,0,2.4,2.4,3.286924,5.55778,8.128272,10
0,0.53,0,0,2.4,2.4,3.241455,5.403782,7.805408,10
0,0.54,0,0,2.4,2.4,2.787728,5.644359,7.973208,10
0,0.55,0,0,2.4,2.4,2.799917,5.449926,7.741922,10
0,0.56,0,0,2.4,2.4,2.49959,5.762463,7.755632,10
0,0.57,2.4,0,2.4,4.8,2.021315,5.611188,7.881752,10
0,0.58,0,0,2.4,2.4,0.764004,5.524153,8.098021,10
0,0.59,0,0,4.96,4.96,1.200562,5.666637,8.048684,10
0,0.6,2.4,4.96,4.96,12.32,1.380975,5.693912,7.87448,10
0,0.61,9.92,9.92,4.96,24.8,1.117385,5.973519,8.334383,10
0,0.62,24.96,22.4,9.92,57.28,0.395235,5.1944,8.44608,10
0,0.63,40,29.92,12.48,82.4,-0.157799,4.075869,8.521924,10
0,0.64,54.67,36.96,12.32,103.95,-0.897825,3.275892,9.038773,10
0,0.65,64.68,42.35,12.32,119.35,-1.288218,3.10007,8.973457,10
0,0.66,74.69,49.28,14.63,138.6,-2.98813,2.292289,8.391704,10
0,0.67,84.7,54.67,14.63,154,-3.271722,2.029127,7.971541,10
0,0.68,94.71,62.37,14.63,171.71,-2.654858,2.190668,8.764576,10
0,0.69,107.03,66.99,14.63,188.65,-2.642882,1.85916,8.490661,10
0,0.7,117.04,72.38,14.63,204.05,-2.341659,1.931782,8.305736,10
0,0.71,127.05,77,14.63,218.68,-2.958863,1.71876,7.866385,10
0,0.72,139.37,82.39,14.63,236.39,-2.649528,1.43474,7.627531,10
0,0.73,152.46,82.39,14.63,249.48,NaN,NaN,NaN,10
0,0.74,159.39,84.7,14.63,258.72,-2.798653,1.342705,7.885495,10
0,0.75,169.4,87.01,14.63,271.04,-2.964884,1.576707,8.247925,10
0,0.76,177.1,84.7,12.32,274.12,-3.189832,1.5138,8.798484,10
0,0.77,184.8,84.7,12.32,281.82,-3.485902,1.469225,8.810721,10
0,0.78,192.5,87.01,12.32,291.83,-3.741498,1.252485,8.625886,10
0,0.79,197.01,87.12,11.88,296.01,-3.825569,1.08272,8.408204,10
0,0.8,201.96,84.15,11.88,297.99,-3.956112,0.9072,8.24607,10
0,0.81,204.93,87.12,11.88,303.93,-4.026069,0.8849,8.211704,10
0,0.82,209.88,89.1,11.88,310.86,-3.690001,0.709026,8.213857,10
0,0.83,211.86,87.12,11.88,310.86,-3.555774,0.790706,8.12418,10
0,0.84,216.81,87.12,11.88,315.81,-3.908762,0.594153,8.079905,10
0,0.85,216.81,87.12,9.9,313.83,-3.64251,0.516722,8.015355,10
0,0.86,219.78,84.15,9.9,313.83,-3.62824,0.5029,7.965862,10
0,0.87,226.71,84.15,9.9,320.76,-3.887585,0.521338,7.872814,10
0,0.88,229.68,87.12,11.88,328.68,-3.874493,0.417113,7.862689,10
0,0.89,231.66,84.15,9.9,325.71,-3.401563,0.514569,8.15654,10
0,0.9,234.63,87.12,9.9,331.65,-3.258586,0.548524,8.240715,10
0,0.91,236.61,87.12,9.9,333.63,-3.187611,0.51376,8.169107,10
0,0.92,239.58,87.12,9.9,336.6,-3.112374,0.52301,8.216639,10
0,0.93,247.5,89.1,9.9,346.5,-3.061731,0.429339,8.275719,10
0,0.94,251.34,92.04,9.44,352.82,-3.063316,0.390196,8.298594,10
0,0.95,254.88,92.04,9.44,356.36,-3.007025,0.344722,8.258956,10
0,0.96,259.6,94.4,9.44,363.44,-2.960726,0.271625,8.21598,10
0,0.97,261.96,92.04,9.44,363.44,-3.018023,0.087289,8.134096,10
0,0.98,264.32,94.4,9.44,368.16,-2.960442,0.041003,8.03369,10
0,0.99,271.4,92.04,9.44,372.88,-2.774621,0.067401,7.819355,10
0,1,274.94,94.4,9.44,378.78,-2.741913,0.001953,7.812368,10
0,1.01,277.3,89.68,9.44,376.42,-2.617437,-0.077304,7.807476,10
0,1.02,279.66,89.68,9.44,378.78,-2.635316,-0.256646,7.876811,10
0,1.03,282.02,87.32,7.08,376.42,-2.603232,-0.196267,7.649667,10
0,1.04,286.74,87.32,9.44,383.5,-2.580032,-0.297946,7.610302,10
0,1.05,289.1,87.32,9.44,385.86,-2.655046,-0.293632,7.394298,10
0,1.06,295,84.96,7.08,387.04,-2.667755,-0.374766,7.296766,10
0,1.07,295,84.96,7.08,387.04,-2.695158,-0.393943,7.20311,10
0,1.08,295,81.42,7.08,383.5,-2.910415,-0.12836,7.586472,10
0,1.09,296.4,81.6,7.2,385.2,-2.80756,-0.132313,7.49777,10
0,1.1,296.4,81.6,7.2,385.2,-2.747497,-0.107706,7.326045,10
0,1.11,300,81.6,7.2,388.8,-2.726777,-0.121337,7.340997,10
0,1.12,296.4,79.2,7.2,382.8,-2.694624,-0.146631,7.334563,10
0,1.13,296.4,81.6,7.2,385.2,-2.715173,-0.169123,7.240049,10
0,1.14,296.4,81.6,7.2,385.2,-2.819606,-0.137204,7.138586,10
0,1.15,296.4,81.6,4.8,382.8,-2.953702,-0.218558,7.218633,10
0,1.16,294,81.6,7.2,382.8,-2.921362,-0.217387,7.240716,10
0,1.17,294,84,7.2,385.2,-2.586277,-0.222393,7.396786,10
0,1.18,291.6,84,7.2,382.8,-2.497799,-0.202206,7.474451,10
0,1.19,286.8,86.4,7.2,380.4,-2.267287,-0.267737,7.449872,10
0,1.2,282,86.4,7.2,375.6,-2.296893,-0.307241,7.421677,10
0,1.21,279.6,86.4,7.2,373.2,-2.187892,-0.241657,7.523029,10
0,1.22,277.2,90,7.2,374.4,-2.11317,-0.211965,7.574911,10
0,1.23,277.2,92.4,7.2,376.8,-2.100182,-0.198605,7.605641,10
0,1.24,274.17,92.13,6.66,372.96,-2.048624,-0.250854,7.662501,10
0,1.25,277.5,94.35,9.99,381.84,-2.23088,-0.297851,7.706326,10
0,1.26,277.5,94.35,9.99,381.84,-2.102644,-0.338327,7.706446,10
0,1.27,274.17,94.35,6.66,375.18,-1.865403,-0.265523,7.781456,10
0,1.28,274.17,94.35,6.66,375.18,-1.99481,-0.389685,7.741167,10
0,1.29,271.95,92.13,6.66,370.74,-1.734914,-0.544728,7.758882,10
0,1.3,269.73,92.13,9.99,371.85,-1.514319,-0.657579,7.711606,10
0,1.31,269.73,89.91,6.66,366.3,-1.451104,-0.678611,7.707413,10
0,1.32,266.4,89.91,6.66,362.97,-1.360469,-0.723998,7.716348,10
0,1.33,266.4,86.58,6.66,359.64,-1.339797,-0.633451,7.702472,10
0,1.34,266.4,86.58,9.99,362.97,-1.290783,-0.615438,7.65512,10
0,1.35,269.73,86.58,6.66,362.97,-1.368577,-0.324393,7.848766,10
0,1.36,271.95,86.58,6.66,365.19,-1.346061,-0.5884,7.627273,10
0,1.37,274.17,82.14,6.66,362.97,-1.194583,-0.593403,7.688918,10
0,1.38,277.5,82.14,6.66,366.3,-1.348108,-0.387538,7.84537,10
0,1.39,279.45,74.75,6.9,361.1,-1.250959,-0.483467,7.779733,10
0,1.4,279.45,74.75,6.9,361.1,-1.254863,-0.352219,7.873897,10
0,1.41,281.75,72.45,6.9,361.1,-1.24281,-0.406067,7.856407,10
0,1.42,281.75,69,6.9,357.65,-1.216047,-0.393621,7.840711,10
0,1.43,284.05,66.7,6.9,357.65,-1.290002,-0.391613,7.854679,10
0,1.44,284.05,66.7,6.9,357.65,-1.36415,-0.329198,7.858382,10
0,1.45,284.05,62.1,4.6,350.75,-1.490378,-0.193222,7.912354,10
0,1.46,287.5,64.4,4.6,356.5,-1.591728,-0.159356,7.911004,10
0,1.47,287.5,62.1,4.6,354.2,-1.763307,-0.242568,7.867594,10
0,1.48,287.5,62.1,6.9,356.5,-1.605155,-0.182995,7.919388,10
0,1.49,284.05,59.8,4.6,348.45,-1.479498,-0.010148,7.796874,10
0,1.5,284.05,59.8,6.9,350.75,-1.610064,0.016908,7.697809,10
0,1.51,284.05,59.8,4.6,348.45,-1.625591,0.059318,7.675172,10
0,1.52,281.75,59.8,4.6,346.15,-1.71536,-0.000395,7.758627,10
0,1.53,279.45,59.8,4.6,343.85,-1.756327,0.01867,7.798122,10
0,1.54,280,59.36,4.48,343.84,-1.7908,0.102975,7.814092,10
0,1.55,276.64,59.36,6.72,342.72,-1.786084,0.10985,7.771498,10
0,1.56,274.4,59.36,6.72,340.48,-1.810178,0.088719,7.770492,10
0,1.57,272.16,59.36,4.48,336,-1.785607,0.093365,7.812185,10
0,1.58,272.16,59.36,6.72,338.24,-1.790497,0.066504,7.825596,10
0,1.59,269.92,59.36,4.48,333.76,-1.811479,0.125343,7.852843,10
0,1.6,266.56,61.6,6.72,334.88,-1.774576,0.123511,7.856589,10
0,1.61,266.56,61.6,6.72,334.88,-1.800516,0.126602,7.863606,10
0,1.62,264.32,61.6,4.48,330.4,-1.809249,0.09666,7.871024,10
0,1.63,262.08,64.96,6.72,333.76,-1.772604,0.107411,7.875433,10
0,1.64,259.84,64.96,6.72,331.52,-1.7766,0.091149,7.893189,10
0,1.65,256.48,67.2,4.48,328.16,-1.730005,-0.092772,7.809307,10
0,1.66,256.48,67.2,6.72,330.4,-1.839798,-0.1445,7.861383,10
0,1.67,254.24,67.2,4.48,325.92,-1.535757,0.029574,7.689475,10
0,1.68,252,69.44,6.72,328.16,-1.868468,-0.131547,7.888526,10
0,1.69,254.41,69.01,4.12,327.54,-1.802882,-0.057427,7.813364,10
0,1.7,252.35,69.01,4.12,325.48,-1.876497,-0.138848,7.814654,10
0,1.71,252.35,69.01,7.21,328.57,-1.770208,-0.189395,7.774097,10
0,1.72,252.35,72.1,7.21,331.66,-1.807671,-0.154483,7.808965,10
0,1.73,252.35,72.1,7.21,331.66,-1.662812,-0.159335,7.741569,10
0,1.74,252.35,74.16,7.21,333.72,-1.616554,-0.205361,7.737109,10
0,1.75,254.41,77.25,7.21,338.87,-1.589652,-0.146083,7.801777,10
0,1.76,257.5,79.31,7.21,344.02,-1.583618,-0.241517,7.776656,10
0,1.77,257.5,79.31,7.21,344.02,-1.593405,-0.296783,7.822213,10
0,1.78,257.5,82.4,7.21,347.11,-1.549655,-0.358672,7.784663,10
0,1.79,257.5,84.46,7.21,349.17,-1.351492,-0.71406,7.534918,10
0,1.8,254.41,84.46,7.21,346.08,-1.342137,-0.637643,7.581464,10
0,1.81,254.41,86.52,7.21,348.14,-1.367552,-0.671663,7.609294,10
0,1.82,252.35,86.52,7.21,346.08,-1.291111,-0.636881,7.678933,10
0,1.83,254.41,86.52,7.21,348.14,-1.193663,-0.579927,7.734201,10
0,1.84,254.4,86.92,7.42,348.74,-1.169132,-0.474024,7.578983,10
0,1.85,256.52,89.04,7.42,352.98,-1.168093,-0.460075,7.599026,10
0,1.86,256.52,89.04,7.42,352.98,-1.180982,-0.449498,7.612706,10
0,1.87,254.4,92.22,7.42,354.04,-1.183217,-0.460788,7.622936,10
0,1.88,256.52,92.22,9.54,358.28,-1.152265,-0.45917,7.640566,10
0,1.89,256.52,92.22,9.54,358.28,-1.109819,-0.550978,7.722912,10
0,1.9,256.52,92.22,7.42,356.16,-1.149689,-0.604239,7.844536,10
0,1.91,256.52,94.34,7.42,358.28,-1.360088,-0.566051,7.914611,10
0,1.92,261.82,92.22,7.42,361.46,-1.245863,-0.578127,7.884431,10
0,1.93,261.82,94.34,7.42,363.58,-1.188624,-0.588939,7.905611,10
0,1.94,265,94.34,7.42,366.76,-1.18603,-0.589418,7.923614,10
0,1.95,265,94.34,7.42,366.76,-1.148282,-0.590474,7.890718,10
0,1.96,265,94.34,7.42,366.76,-1.165354,-0.671799,7.866396,10
0,1.97,265,94.34,7.42,366.76,-1.132189,-0.657069,7.883363,10
0,1.98,265,94.34,7.42,366.76,-1.174764,-0.78863,7.904988,10
0,1.99,264.32,94.08,6.72,365.12,-1.171929,-0.77368,7.937924,10
0,2,264.32,94.08,6.72,365.12,-1.122105,-0.76348,7.988067,10
0,2.01,264.32,97.44,6.72,368.48,-1.190147,-0.781861,8.021394,10
0,2.02,266.56,97.44,6.72,370.72,-1.095568,-0.734725,8.005624,10
0,2.03,269.92,97.44,8.96,376.32,-0.953281,-0.648617,7.818137,10
0,2.04,266.56,99.68,6.72,372.96,-0.984397,-0.730417,7.876294,10
0,2.05,269.92,99.68,8.96,378.56,-0.999646,-0.811988,7.958546,10
0,2.06,269.92,99.68,6.72,376.32,-0.939636,-0.794572,7.942178,10
0,2.07,272.16,101.92,6.72,380.8,-1.105908,-0.901107,7.816003,10
0,2.08,272.16,101.92,6.72,380.8,-0.902113,-0.866255,7.933019,10
0,2.09,274.4,99.68,6.72,380.8,-0.828607,-0.842483,8.021796,10
0,2.1,276.64,101.92,6.72,385.28,-0.835328,-0.878716,8.023541,10
0,2.11,280,99.68,6.72,386.4,-0.810113,-0.898793,8.01168,10
0,2.12,280,99.68,6.72,386.4,-0.849869,-0.957876,7.975416,10
0,2.13,276.64,97.44,6.72,380.8,-0.886413,-1.014467,7.964365,10
0,2.14,279.3,94.62,6.84,380.76,-0.911317,-1.04383,7.967009,10
0,2.15,281.58,94.62,6.84,383.04,-0.903539,-1.082143,7.927042,10
0,2.16,281.58,94.62,6.84,383.04,-0.873136,-1.037953,7.94601,10
0,2.17,281.58,92.34,6.84,380.76,-0.919219,-1.039144,7.947183,10
0,2.18,281.58,92.34,6.84,380.76,-0.928196,-1.048517,7.958154,10
0,2.19,281.58,92.34,4.56,378.48,-0.948553,-1.073837,7.949914,10
0,2.2,285,92.34,6.84,384.18,-1.014224,-1.081142,7.92996,10
0,2.21,281.58,92.34,6.84,380.76,-0.915499,-1.06084,7.897043,10
0,2.22,281.58,92.34,6.84,380.76,-0.927235,-1.095443,7.848719,10
0,2.23,279.3,92.34,6.84,378.48,-0.914975,-1.081113,7.85343,10
0,2.24,281.58,94.62,6.84,383.04,-0.758822,-1.089995,7.944686,10
0,2.25,281.58,94.62,6.84,383.04,-0.888363,-1.094898,7.890508,10
0,2.26,281.58,94.62,6.84,383.04,-0.805492,-1.127009,7.926296,10
0,2.27,285,96.9,4.56,386.46,-1.205321,-1.141842,7.691776,10
0,2.28,285,99.18,6.84,391.02,-0.775534,-1.126621,7.926995,10
0,2.29,284.31,99.45,7.02,390.78,-1.011264,-1.164137,7.805644,10
0,2.3,284.31,99.45,7.02,390.78,-0.723088,-1.164853,7.949352,10
0,2.31,286.65,101.79,7.02,395.46,-0.697835,-1.138234,7.929124,10
0,2.32,284.31,101.79,7.02,393.12,-0.68253,-1.144242,7.979224,10
0,2.33,284.31,104.13,7.02,395.46,-0.632162,-1.11935,8.004319,10
0,2.34,286.65,104.13,7.02,397.8,-0.637158,-1.158978,7.998498,10
0,2.35,286.65,104.13,7.02,397.8,-0.615144,-1.100052,7.995833,10
0,2.36,286.65,106.47,7.02,400.14,-0.6373,-1.10412,7.9802,10
0,2.37,288.99,106.47,7.02,402.48,-0.542017,-1.059965,7.987504,10
0,2.38,288.99,106.47,7.02,402.48,-0.492007,-1.079375,8.079205,10
0,2.39,288.99,106.47,7.02,402.48,-0.400729,-1.055978,8.114342,10
0,2.4,288.99,104.13,7.02,400.14,-0.41404,-1.052745,8.129552,10
0,2.41,288.99,104.13,4.68,397.8,-0.372108,-1.008831,8.08074,10
0,2.42,292.5,104.13,7.02,403.65,-0.410767,-0.984161,8.027656,10
0,2.43,292.5,104.13,4.68,401.31,-0.359265,-0.980854,8.005902,10
0,2.44,292.5,104.13,4.68,401.31,-0.362053,-0.913947,7.90572,10
0,2.45,294.5,102.3,4.65,401.45,-0.527645,-0.936664,7.806612,10
0,2.46,299.15,99.2,4.65,403,-0.58924,-0.911828,7.747354,10
0,2.47,302.25,96.1,1.55,399.9,-0.562218,-0.864067,7.686322,10
0,2.48,303.8,94.55,1.55,399.9,-0.568278,-0.77667,7.634854,10
0,2.49,310,91.45,1.55,403,-0.665787,-0.820108,7.592243,10
0,2.5,311.55,86.8,1.55,399.9,-0.727262,-0.76752,7.500536,10
0,2.51,316.2,83.7,0,399.9,-1.107932,-0.459458,7.486839,10
0,2.52,327.05,79.05,0,406.1,-1.187592,-0.617645,7.347757,10
0,2.53,334.8,77.5,0,412.3,-1.27505,-0.553086,7.298994,10
0,2.54,341,69.75,0,410.75,-1.309015,-0.434527,7.264621,10
0,2.55,351.85,66.65,0,418.5,-1.433598,-0.264586,7.114165,10
0,2.56,364.25,58.9,0,423.15,-1.604013,-0.219275,6.990699,10
0,2.57,373.55,54.25,0,427.8,NaN,NaN,NaN,10
0,2.58,379.75,49.6,0,429.35,-2.006807,0.040119,7.015678,10
0,2.59,387.5,44.95,0,432.45,-2.064236,-0.051302,7.27705,10
0,2.6,386.31,37.49,0,423.8,-2.663021,-0.105224,7.090587,10
0,2.61,391.2,34.23,0,425.43,-3.225108,0.439649,7.275127,10
0,2.62,394.46,29.34,0,423.8,-3.919909,0.471687,7.348986,10
0,2.63,396.09,26.08,0,422.17,-3.860211,0.503793,7.130822,10
0,2.64,396.09,21.19,0,417.28,-4.407214,0.810747,6.901712,10
0,2.65,399.35,19.56,0,418.91,-4.864767,0.675789,6.470543,10
0,2.66,396.09,14.67,0,410.76,-5.00301,1.03619,6.386786,10
0,2.67,399.35,14.67,0,414.02,-5.949742,0.970911,6.705927,10
0,2.68,396.09,9.78,0,405.87,-5.991683,1.369745,6.591977,10
0,2.69,396.09,9.78,0,405.87,-6.4396,1.70938,6.497056,10
0,2.7,399.35,9.78,0,409.13,-7.54202,1.946313,6.56388,10
0,2.71,400.98,6.52,0,407.5,-7.41069,1.674851,6.566593,10
0,2.72,404.24,4.89,0,409.13,-8.799604,2.000733,6.520032,10
0,2.73,404.24,1.63,0,405.87,-9.036317,2.065462,6.389906,10
0,2.74,407.5,1.63,0,409.13,-10.002572,1.925803,6.536825,10
0,2.75,409.4,0,0,409.4,-11.210613,1.760404,6.573551,10
0,2.76,411.18,0,0,411.18,-11.417254,2.057974,6.297651,10
0,2.77,411.18,0,0,411.18,-11.746086,2.824138,6.650843,10
0,2.78,414.74,0,0,414.74,-12.638203,2.737312,6.878401,10
0,2.79,414.74,0,0,414.74,-13.230406,2.721864,6.866141,10
0,2.8,414.74,0,0,414.74,-13.098982,2.970683,6.710835,10
0,2.81,421.86,0,0,421.86,-13.548956,2.933561,6.621499,10
0,2.82,427.2,0,0,427.2,-15.553784,2.567358,6.532618,10
0,2.83,434.32,0,0,434.32,-15.561902,2.467716,6.336193,10
0,2.84,436.1,0,0,436.1,-14.898951,1.232231,5.834967,10
0,2.85,436.1,0,0,436.1,-17.146039,3.070574,6.623069,10
0,2.86,436.1,0,0,436.1,-17.84936,2.91141,6.82428,10
0,2.87,436.1,0,0,436.1,-18.289843,3.01174,6.786827,10
0,2.88,441.44,0,0,441.44,-19.392158,2.974575,6.39202,10
0,2.89,445,0,0,445,-19.544763,3.298296,6.597357,10
0,2.9,450,0,0,450,-20.195791,3.46026,6.366426,10
0,2.91,450,0,0,450,-20.653559,2.956099,6.555045,10
0,2.92,446.4,0,0,446.4,-21.527852,3.222702,6.485591,10
0,2.93,446.4,0,0,446.4,-22.255917,3.073363,6.543628,10
0,2.94,446.4,0,0,446.4,-22.772711,3.102986,6.453095,10
0,2.95,444.6,0,0,444.6,-23.472577,2.953016,6.314024,10
0,2.96,441,0,0,441,-24.160282,2.862691,6.084955,10
0,2.97,439.2,0,0,439.2,-24.884464,2.823092,6.056295,10
0,2.98,433.8,0,0,433.8,-26.167127,2.570417,6.252524,10
0,2.99,432,0,0,432,-26.870091,3.067669,6.609483,10
0,3,428.4,0,0,428.4,-27.067761,3.01744,6.486488,10
0,3.01,428.4,0,0,428.4,-27.547737,3.071085,6.501589,10
0,3.02,428.4,0,0,428.4,-27.788078,3.173028,6.29047,10
0,3.03,428.4,0,0,428.4,-28.452392,3.084009,6.259337,10
0,3.04,432,0,0,432,-29.13986,3.248375,6.134078,10
0,3.05,429.2,0,0,429.2,-29.741225,3.100577,6.311371,10
0,3.06,431.05,0,0,431.05,-30.24775,3.15379,6.218691,10
0,3.07,436.6,0,0,436.6,-30.791544,2.963618,6.086193,10
0,3.08,438.45,0,0,438.45,-31.025436,3.108342,6.160575,10
0,3.09,444,0,0,444,-31.596621,2.988241,6.105432,10
0,3.1,445.85,0,0,445.85,-32.248067,2.81299,5.837479,10
0,3.11,445.85,0,0,445.85,-32.131154,2.950164,6.041475,10
0,3.12,445.85,0,0,445.85,-32.388849,3.121771,5.992999,10
0,3.13,449.55,0,0,449.55,-32.613929,3.155985,5.924814,10
0,3.14,451.4,0,0,451.4,-32.73993,3.166065,5.773516,10
0,3.15,453.25,0,0,453.25,-32.877867,3.19425,5.644381,10
0,3.16,456.95,0,0,456.95,-32.97171,3.269735,5.544202,10
0,3.17,458.8,0,0,458.8,-33.043173,3.257457,5.499824,10
0,3.18,462.5,0,0,462.5,-33.148779,3.317556,5.431889,10
0,3.19,462.5,0,0,462.5,-33.0483,2.927827,5.247498,10
0,3.2,467.5,0,0,467.5,-32.981396,3.059558,4.858905,10
0,3.21,463.76,0,0,463.76,-32.911776,3.012383,4.759573,10
0,3.22,461.89,0,0,461.89,-32.942955,2.879959,4.782521,10
0,3.23,461.89,0,0,461.89,-32.899614,2.815468,4.759579,10
0,3.24,461.89,0,0,461.89,-33.084316,3.236956,4.87577,10
0,3.25,463.76,0,0,463.76,-32.975566,3.218444,4.818988,10
0,3.26,463.76,0,0,463.76,-32.912355,3.15274,4.867972,10
0,3.27,463.76,0,0,463.76,-32.728217,3.053643,4.839015,10
0,3.28,463.76,0,0,463.76,-32.610189,2.884713,4.896848,10
0,3.29,463.76,0,0,463.76,-32.499104,2.876594,4.918066,10
0,3.3,463.76,0,0,463.76,-32.375907,2.564048,4.92063,10
0,3.31,463.76,0,0,463.76,-32.317806,2.534025,4.969937,10
0,3.32,463.76,0,0,463.76,-32.312677,2.530776,5.085799,10
0,3.33,458.15,0,0,458.15,-32.256095,2.508605,5.176718,10
0,3.34,454.41,0,0,454.41,-32.231599,2.585378,5.237875,10
0,3.35,449.54,0,0,449.54,-32.27571,2.610237,5.247135,10
0,3.36,444.08,0,0,444.08,-32.384893,2.737637,5.246219,10
0,3.37,442.26,0,0,442.26,-32.458484,2.730975,5.191205,10
0,3.38,442.26,0,0,442.26,-32.533052,2.785302,5.119046,10
0,3.39,438.62,0,0,438.62,-32.647847,2.741544,4.953426,10
0,3.4,436.8,0,0,436.8,-32.586628,2.834268,4.876112,10
0,3.41,438.62,0,0,438.62,-32.635662,2.824902,4.734093,10
0,3.42,442.26,0,0,442.26,-32.596125,2.873419,4.712293,10
0,3.43,444.08,0,0,444.08,-32.473093,2.802274,4.721692,10
0,3.44,449.54,0,0,449.54,-32.368092,2.866731,4.661608,10
0,3.45,449.54,0,0,449.54,-32.082736,2.92904,4.612833,10
0,3.46,451.36,0,0,451.36,-31.910188,2.876851,4.585424,10
0,3.47,451.36,0,0,451.36,-31.638515,2.473862,4.443311,10
0,3.48,451.36,0,0,451.36,-31.57819,2.446108,4.528085,10
0,3.49,455,0,0,455,-31.424865,2.398647,4.625806,10
0,3.5,457.5,0,0,457.5,-31.270941,2.384461,4.598677,10
0,3.51,453.84,0,0,453.84,-30.993276,2.37856,4.358528,10
0,3.52,453.84,0,0,453.84,-30.603824,2.454598,4.272226,10
0,3.53,448.35,0,0,448.35,-30.473953,2.553887,4.147131,10
0,3.54,446.52,0,0,446.52,-30.367718,2.436599,4.149608,10
0,3.55,433.71,0,0,433.71,-30.428365,2.415471,3.877906,10
0,3.56,424.56,0,0,424.56,-30.200645,2.481038,3.673508,10
0,3.57,411.75,0,0,411.75,-29.864899,2.463406,3.575563,10
0,3.58,398.94,0,0,398.94,-29.479548,2.581313,3.554207,10
0,3.59,389.79,0,0,389.79,-28.887917,2.229125,3.413133,10
0,3.6,382.47,0,0,382.47,-28.655563,2.846601,3.545299,10
0,3.61,378.81,1.83,0,380.64,-27.909056,3.099692,3.607353,10
0,3.62,382.47,0,0,382.47,-26.84516,3.236056,3.734735,10
0,3.63,386.13,1.83,0,387.96,-26.022931,3.430169,3.86121,10
0,3.64,398.94,1.83,0,400.77,-25.498438,3.469886,4.07772,10
0,3.65,413.6,3.52,0,417.12,-24.955749,3.243028,4.460381,10
0,3.66,429.44,3.52,0,432.96,-23.942409,3.270076,4.214592,10
0,3.67,436.48,3.52,0,440,-23.124632,3.942174,4.14639,10
0,3.68,440,3.52,0,443.52,-22.056348,3.37279,4.035062,10
0,3.69,434.72,7.04,0,441.76,-21.131252,2.696905,4.325745,10
0,3.7,425.92,7.04,0,432.96,-20.481278,3.053922,4.475325,10
0,3.71,417.12,7.04,0,424.16,-19.807202,3.075699,4.337616,10
0,3.72,406.56,7.04,0,413.6,-19.084578,3.035733,4.113232,10
0,3.73,394.24,7.04,0,401.28,-18.173417,3.014748,4.082663,10
0,3.74,383.68,7.04,0,390.72,-17.608577,2.881442,4.420938,10
0,3.75,381.92,7.04,0,388.96,-16.861975,2.802459,4.76578,10
0,3.76,388.96,7.04,0,396,-16.33031,2.75322,4.93772,10
0,3.77,399.52,8.8,0,408.32,-15.67083,2.983291,5.381472,10
0,3.78,404.8,8.8,0,413.6,-15.193018,2.991665,5.289848,10
0,3.79,406.56,12.32,0,418.88,-14.615209,2.926316,5.368665,10
0,3.8,402.5,11.27,0,413.77,-14.344569,2.511704,5.314484,10
0,3.81,394.45,14.49,0,408.94,-13.786259,2.423383,5.024729,10
0,3.82,389.62,16.1,0,405.72,-13.165531,1.98148,5.199297,10
0,3.83,386.4,16.1,0,402.5,-12.778636,1.549266,4.775405,10
0,3.84,389.62,16.1,0,405.72,-12.442197,1.187143,4.632936,10
0,3.85,391.23,19.32,0,410.55,-12.197036,1.411176,4.821001,10
0,3.86,389.62,19.32,0,408.94,-11.697564,1.531619,5.026506,10
0,3.87,389.62,19.32,0,408.94,-11.271925,1.752678,4.990854,10
0,3.88,389.62,19.32,0,408.94,-10.971637,1.808873,4.934458,10
0,3.89,389.62,19.32,0,408.94,-10.778788,1.649601,5.321056,10
0,3.9,384.79,20.93,0,405.72,-10.069489,1.709188,5.660885,10
0,3.91,373.52,20.93,0,394.45,-9.791184,1.648499,5.746807,10
0,3.92,359.03,24.15,0,383.18,-9.451785,1.551611,5.693844,10
0,3.93,349.37,24.15,0,373.52,-9.245974,1.354888,5.558851,10
0,3.94,346.15,27.37,0,373.52,-8.886211,1.179274,5.522144,10
0,3.95,346.86,29.61,0,376.47,-8.781242,1.119026,5.404183,10
0,3.96,349.68,32.43,0,382.11,-8.988823,1.178143,5.516573,10
0,3.97,349.68,33.84,0,383.52,-8.517672,1.038605,5.619051,10
0,3.98,349.68,33.84,0,383.52,-7.991546,1.101703,5.613988,10
0,3.99,349.68,39.48,0,389.16,-7.469722,1.389634,5.86405,10
0,4,352.5,39.48,0,391.98,-7.40323,1.162893,6.368452,10
0,4.01,349.68,42.3,0,391.98,-6.910497,1.187832,6.473878,10
0,4.02,339.81,43.71,0,383.52,-6.455605,0.682885,6.357657,10
0,4.03,321.48,46.53,0,368.01,-6.174788,0.207275,6.170267,10
0,4.04,307.38,52.17,1.41,360.96,-5.704952,-0.104058,6.032368,10
0,4.05,291.87,54.99,0,346.86,-5.830271,0.089272,6.160575,10
0,4.06,294.69,62.04,1.41,358.14,-5.603679,0.0707,6.035617,10
0,4.07,296.1,66.27,1.41,363.78,-5.715493,-0.094111,6.127179,10
0,4.08,304.56,71.91,1.41,377.88,-4.716806,0.305851,5.603795,10
0,4.09,307.38,76.14,1.41,384.93,-4.479628,0.150459,5.6147,10
0,4.1,307.5,82.41,2.46,392.37,-4.38073,-0.113443,5.822542,10
0,4.11,307.5,84.87,2.46,394.83,NaN,NaN,NaN,10
0,4.12,307.5,89.79,4.92,402.21,-3.997048,-0.420724,6.156082,10
0,4.13,303.81,92.25,2.46,398.52,-3.575102,-0.587506,6.341837,10
0,4.14,298.89,94.71,4.92,398.52,-3.362091,-0.58449,6.178462,10
0,4.15,293.97,94.71,4.92,393.6,-3.274763,-0.811244,6.439509,10
0,4.16,284.13,94.71,7.38,386.22,-3.029286,-0.884544,6.512604,10
0,4.17,276.75,97.17,4.92,378.84,-2.933519,-0.918065,6.584858,10
0,4.18,271.83,99.63,7.38,378.84,-2.934987,-0.858264,6.599538,10
0,4.19,271.83,104.55,7.38,383.76,-2.677406,-1.359318,6.353274,10
0,4.2,269.37,107.01,7.38,383.76,-2.497357,-1.328415,6.330581,10
0,4.21,269.37,107.01,7.38,383.76,-2.491283,-1.571112,6.166127,10
0,4.22,269.37,109.47,7.38,386.22,-2.277838,-1.635251,6.118045,10
0,4.23,266.91,109.47,7.38,383.76,-2.17472,-1.721005,6.112143,10
0,4.24,266.91,109.47,7.38,383.76,-1.997416,-1.807538,6.096253,10
0,4.25,264,110,6.6,380.6,-1.834877,-1.657387,5.871285,10
0,4.26,261.8,110,9.9,381.7,-1.729424,-1.613394,5.875837,10
0,4.27,259.6,106.7,6.6,372.9,-1.676167,-1.610169,5.919046,10
0,4.28,259.6,106.7,9.9,376.2,-1.608807,-1.624623,5.916896,10
0,4.29,259.6,106.7,9.9,376.2,-1.51534,-1.614333,5.927081,10
0,4.3,264,106.7,9.9,380.6,-1.427727,-1.612356,5.909664,10
0,4.31,264,106.7,6.6,377.3,-1.337258,-1.596274,6.092711,10
0,4.32,264,110,6.6,380.6,-1.36899,-1.780388,6.27963,10
0,4.33,264,110,9.9,383.9,-1.130426,-1.788622,6.35756,10
0,4.34,267.3,110,9.9,387.2,-1.135518,-1.856313,6.335671,10
0,4.35,269.5,110,6.6,386.1,-1.066969,-1.828101,6.197683,10
0,4.36,269.5,110,6.6,386.1,-1.050008,-1.91021,6.197997,10
0,4.37,271.7,110,6.6,388.3,-0.918902,-1.830522,5.996108,10
0,4.38,275,110,6.6,391.6,-0.966881,-2.014277,6.19862,10
0,4.39,275,110,6.6,391.6,-0.962383,-2.005194,6.283371,10
0,4.4,277.2,109.2,9.6,396,-0.939066,-2.06126,6.325866,10
0,4.41,279.6,109.2,7.2,396,-0.920527,-2.073486,6.303874,10
0,4.42,284.4,109.2,7.2,400.8,-0.867576,-2.133238,6.309422,10
0,4.43,286.8,109.2,7.2,403.2,-0.9629,-1.856962,6.507406,10
0,4.44,289.2,109.2,9.6,408,-0.934326,-1.94029,6.508879,10
0,4.45,289.2,109.2,7.2,405.6,-0.925325,-1.957688,6.496221,10
0,4.46,291.6,109.2,9.6,410.4,-1.330785,-1.981721,6.294864,10
0,4.47,289.2,109.2,7.2,405.6,-0.970131,-1.879475,6.520668,10
0,4.48,291.6,106.8,7.2,405.6,-1.25535,-1.794502,6.245189,10
0,4.49,291.6,106.8,7.2,405.6,-1.077529,-1.873685,6.424457,10
0,4.5,294,104.4,7.2,405.6,-1.484257,-1.852333,6.427598,10
0,4.51,294,102,7.2,403.2,NaN,NaN,NaN,10
0,4.52,296.4,99.6,7.2,403.2,NaN,NaN,NaN,10
0,4.53,296.4,99.6,7.2,403.2,NaN,NaN,NaN,10
0,4.54,300,97.2,7.2,404.4,NaN,NaN,NaN,10
0,4.55,301.32,94.24,4.96,400.52,NaN,NaN,NaN,10
0,4.56,301.32,91.76,7.44,400.52,-1.074721,-1.676601,6.429793,10
0,4.57,303.8,91.76,7.44,403,-1.175951,-1.574958,6.416598,10
0,4.58,301.32,89.28,7.44,398.04,-1.177851,-1.536525,6.290909,10
0,4.59,301.32,89.28,4.96,395.56,-1.287134,-1.645501,6.477984,10
0,4.6,301.32,86.8,4.96,393.08,-1.361536,-1.71619,6.511169,10
0,4.61,301.32,84.32,4.96,390.6,-1.39394,-1.685864,6.564503,10
0,4.62,303.8,84.32,4.96,393.08,-1.468946,-1.71073,6.525216,10
0,4.63,303.8,81.84,4.96,390.6,-1.65629,-1.732416,6.496508,10
0,4.64,306.28,81.84,4.96,393.08,-1.673205,-1.694908,6.473483,10
0,4.65,303.8,81.84,4.96,390.6,-1.652643,-1.685431,6.431221,10
0,4.66,303.8,79.36,4.96,388.12,-1.67971,-1.652965,6.44369,10
0,4.67,306.28,79.36,4.96,390.6,-1.687104,-1.646442,6.429245,10
0,4.68,310,79.36,4.96,394.32,-1.637348,-1.633199,6.51171,10
0,4.69,310,76.88,4.96,391.84,-1.58935,-1.557768,6.558546,10
0,4.7,312.48,76.86,3.78,393.12,-1.653381,-1.616456,6.582513,10
0,4.71,312.48,74.34,3.78,390.6,-1.736184,-1.516055,6.666705,10
0,4.72,312.48,74.34,3.78,390.6,-1.618593,-1.51662,6.690911,10
0,4.73,312.48,74.34,3.78,390.6,-1.598756,-1.454333,6.734299,10
0,4.74,312.48,74.34,3.78,390.6,-1.610995,-1.486948,6.768473,10
0,4.75,312.48,71.82,3.78,388.08,-1.56195,-1.297041,6.514706,10
0,4.76,312.48,71.82,3.78,388.08,-1.505355,-1.194198,6.582456,10
0,4.77,312.48,71.82,3.78,388.08,-1.561588,-1.307607,6.634942,10
0,4.78,315,66.78,3.78,385.56,-1.536481,-1.24381,6.689903,10
0,4.79,312.48,69.3,3.78,385.56,-1.596826,-1.481772,6.655895,10
0,4.8,312.48,69.3,3.78,385.56,-1.762886,-1.294881,6.809783,10
0,4.81,312.48,66.78,3.78,383.04,-1.690533,-1.458024,6.730705,10
0,4.82,309.96,66.78,3.78,380.52,-1.663257,-1.549151,6.717137,10
0,4.83,309.96,64.26,3.78,378,-1.723885,-1.566224,6.869668,10
0,4.84,309.96,61.74,3.78,375.48,-1.742916,-1.666652,6.777515,10
0,4.85,307.5,59.04,2.46,369,-1.660869,-1.936776,6.597993,10
0,4.86,307.5,61.5,4.92,373.92,-1.699093,-1.911941,6.606028,10
0,4.87,307.5,59.04,4.92,371.46,-1.685609,-1.914793,6.622809,10
0,4.88,303.81,59.04,2.46,365.31,-1.734845,-1.90588,6.576422,10
0,4.89,303.81,59.04,4.92,367.77,-1.810566,-1.752858,6.678133,10
0,4.9,301.35,59.04,4.92,365.31,-1.804474,-1.771698,6.652991,10
0,4.91,301.35,59.04,4.92,365.31,-1.865822,-1.734184,6.618381,10
0,4.92,298.89,56.58,4.92,360.39,-1.842321,-1.744425,6.660615,10
0,4.93,301.35,59.04,4.92,365.31,-1.859349,-1.706971,6.681428,10
0,4.94,298.89,59.04,2.46,360.39,-1.850348,-1.664304,6.688973,10
0,4.95,298.89,59.04,2.46,360.39,-1.849279,-1.640427,6.719132,10
0,4.96,298.89,61.5,2.46,362.85,-1.845667,-1.676288,6.723567,10
0,4.97,298.89,61.5,2.46,362.85,-1.841596,-1.65802,6.724678,10
0,4.98,301.35,61.5,2.46,365.31,-1.84902,-1.627519,6.650057,10
0,4.99,298.89,63.96,4.92,367.77,-1.792797,-1.570302,6.683131,10
0,5,301.35,63.96,4.92,370.23,-1.78909,-1.649476,6.719559,10
